date,code,name,rank,prob,exp,src,ref,target,stop,status,entry,exit_date,exit,ret,days,h
2026-10-08,032820,우리기술,1,0.4735,,,11640.0,13326,10375,open,,,,,,20
2026-10-08,005930,삼성전자,2,0.4735,,,263000.0,285456,246158,open,,,,,,20
2026-10-08,000660,SK하이닉스,3,0.4735,,,1686000.0,1859176,1556118,open,,,,,,20
2026-10-08,010120,LS ELECTRIC,4,0.4735,,,197200.0,217802,181748,open,,,,,,20
2026-10-08,001440,대한전선,5,0.4719,,,28350.0,32152,25498,open,,,,,,20
2026-10-08,011070,LG이노텍,6,0.4719,,,572000.0,655755,509184,open,,,,,,20
2026-10-08,005380,현대차,7,0.4719,,,324500.0,348332,306626,open,,,,,,20
2026-10-08,000150,두산,8,0.4719,,,1331000.0,1508328,1198004,open,,,,,,20
2026-10-08,003550,LG,9,0.4719,,,108400.0,117042,101919,open,,,,,,20
2026-10-08,316140,우리금융지주,10,0.4719,,,32400.0,34757,30633,open,,,,,,20
2026-10-08,089970,브이엠,1,0.6277,0.00349,S,66800.0,70100,60200,open,,,,,,5
2026-10-08,178320,서진시스템,2,0.6212,0.00274,S,41150.0,43200,37050,open,,,,,,5
2026-10-08,183300,코미코,3,0.6174,0.00231,S,33500.0,35150,30150,open,,,,,,5
2026-10-08,011070,LG이노텍,4,0.6152,0.00205,S,572000.0,600000,515000,open,,,,,,5
2026-10-08,181710,NHN,5,0.6136,0.00186,S,55800.0,58500,50300,open,,,,,,5
2026-10-08,336260,두산퓨얼셀,6,0.6123,0.00172,S,43750.0,45900,39400,open,,,,,,5
2026-10-08,007810,코리아써키트,7,0.6113,0.0016,S,87100.0,91400,78400,open,,,,,,5
2026-10-08,347850,디앤디파마텍,8,0.6104,0.0015,A,42950.0,45050,38700,open,,,,,,5
2026-10-08,310210,보로노이,9,0.6097,0.00142,A,137800.0,144600,124100,open,,,,,,5
2026-10-08,402340,SK스퀘어,10,0.609,0.00134,A,1059000.0,1111000,954000,open,,,,,,5
2026-10-08,010950,S-Oil,1,0.562,0.1037,,169000.0,253500,126800,open,,,,,,60
2026-10-08,032580,피델릭스,2,0.562,0.1037,,7570.0,11360,5680,open,,,,,,60
2026-10-08,034730,SK,3,0.562,0.1037,,561000.0,842000,421000,open,,,,,,60
2026-10-08,031980,피에스케이홀딩스,4,0.562,0.1037,,209500.0,314000,157100,open,,,,,,60
2026-10-08,064290,인텍플러스,5,0.562,0.1037,,60600.0,90900,45450,open,,,,,,60
2026-10-08,036540,SFA반도체,6,0.562,0.1037,,11580.0,17370,8680,open,,,,,,60
2026-10-08,092870,엑시콘,7,0.562,0.1037,,52900.0,79400,39700,open,,,,,,60
2026-10-08,417840,저스템,8,0.562,0.1037,,20850.0,31300,15640,open,,,,,,60
2026-10-08,131290,티에스이,9,0.562,0.1037,,309000.0,463500,232000,open,,,,,,60
2026-10-08,252990,샘씨엔에스,10,0.562,0.1037,,18200.0,27300,13650,open,,,,,,60
